productid,productname,category,subcategory,unitprice,stockquantity,supplierid,createddate,updateddate
PROD001,Tablets Product 1,Electronics,Tablets,1939.55,938,SUP051,2023-11-23,2025-11-10 152845
PROD002,Casual Product 2,Footwear,Casual,975.95,40,SUP042,2023-06-28,2025-11-12 152845
PROD003,Outerwear Product 3,Clothing,Outerwear,1815.77,797,SUP060,2023-12-27,2025-11-09 152845
PROD004,Tops Product 4,Clothing,Tops,1372.8,496,SUP011,2023-10-19,2025-11-10 152845
PROD005,Winter Product 5,Footwear,Winter,1736.99,665,SUP007,2023-07-19,2025-11-09 152845
PROD006,Cables Product 6,Electronics,Cables,1160.81,127,SUP014,2023-06-27,2025-11-11 152845
PROD007,Formal Product 7,Clothing,Formal,715.02,667,SUP078,2023-01-24,2025-11-13 152845
PROD008,Bedding Product 8,Home,Bedding,102.33,829,SUP088,2023-09-15,2025-11-11 152845
PROD009,Athletic Product 9,Footwear,Athletic,291.17,197,SUP049,2023-04-15,2025-11-12 152845
PROD010,Wearables Product 10,Sports,Wearables,1030.55,222,SUP015,2023-12-14,2025-11-12 152845
PROD011,Dresses Product 11,Clothing,Dresses,1634.17,319,SUP004,2023-08-07,2025-11-11 152845
PROD012,Athletic Product 12,Footwear,Athletic,1471.78,974,SUP079,2023-04-28,2025-11-12 152845
PROD013,Tablets Product 13,Electronics,Tablets,1057.04,805,SUP005,2023-02-02,2025-11-10 152845
PROD014,Equipment Product 14,Sports,Equipment,678.55,905,SUP063,2023-05-22,2025-11-11 152845
PROD015,Cables Product 15,Electronics,Cables,750.26,311,SUP071,2023-04-08,2025-11-13 152845
PROD016,Cables Product 16,Electronics,Cables,175.93,380,SUP097,2023-03-08,2025-11-11 152845
PROD017,Outerwear Product 17,Clothing,Outerwear,1898.91,665,SUP035,2023-02-10,2025-11-12 152845
PROD018,Formal Product 18,Clothing,Formal,1648.61,963,SUP021,2023-06-23,2025-11-11 152845
PROD019,Audio Product 19,Electronics,Audio,879.65,382,SUP091,2023-08-02,2025-11-08 152845
PROD020,Cleaning Product 20,Home,Cleaning,800.73,364,SUP077,2023-03-01,2025-11-09 152845
PROD021,Equipment Product 21,Sports,Equipment,728.79,1000,SUP026,2023-07-29,2025-11-12 152845
PROD022,Outdoor Product 22,Sports,Outdoor,1175.9,643,SUP022,2023-12-24,2025-11-08 152845
PROD023,Outdoor Product 23,Sports,Outdoor,877.14,258,SUP018,2023-09-17,2025-11-11 152845
PROD024,Formal Product 24,Footwear,Formal,704.05,250,SUP058,2023-05-21,2025-11-12 152845
PROD025,Power Product 25,Electronics,Power,834.19,311,SUP025,2023-12-22,2025-11-09 152845
PROD026,Outdoor Product 26,Sports,Outdoor,1411.78,997,SUP085,2023-06-08,2025-11-12 152845
PROD027,Bottoms Product 27,Clothing,Bottoms,1508.1,764,SUP098,2023-01-13,2025-11-13 152845
PROD028,Cleaning Product 28,Home,Cleaning,836.65,846,SUP004,2023-10-23,2025-11-10 152845
PROD029,Cables Product 29,Electronics,Cables,1070.21,444,SUP024,2023-01-13,2025-11-13 152845
PROD030,Cables Product 30,Electronics,Cables,588.75,611,SUP043,2023-04-11,2025-11-11 152845
PROD031,Formal Product 31,Footwear,Formal,791.76,7,SUP005,2023-04-28,2025-11-08 152845
PROD032,Athletic Product 32,Footwear,Athletic,707.43,56,SUP004,2023-02-07,2025-11-13 152845
PROD033,Dresses Product 33,Clothing,Dresses,191.75,530,SUP090,2023-08-02,2025-11-12 152845
PROD034,Equipment Product 34,Sports,Equipment,1705.67,714,SUP034,2023-11-14,2025-11-11 152845
PROD035,Cleaning Product 35,Home,Cleaning,924.19,760,SUP074,2023-03-14,2025-11-13 152845
PROD036,Athletic Product 36,Footwear,Athletic,343.16,609,SUP035,2023-04-02,2025-11-11 152845
PROD037,Computers Product 37,Electronics,Computers,1840.75,177,SUP057,2023-02-19,2025-11-13 152845
PROD038,Tops Product 38,Clothing,Tops,1081.44,386,SUP063,2023-04-14,2025-11-11 152845
PROD039,Bathroom Product 39,Home,Bathroom,1595.54,923,SUP049,2023-09-04,2025-11-13 152845
PROD040,Cleaning Product 40,Home,Cleaning,1043.59,672,SUP087,2023-04-11,2025-11-11 152845
PROD041,Outdoor Product 41,Sports,Outdoor,1249.16,885,SUP041,2023-02-15,2025-11-08 152845
PROD042,Bottoms Product 42,Clothing,Bottoms,1003.33,158,SUP066,2023-02-27,2025-11-08 152845
PROD043,Formal Product 43,Footwear,Formal,923.99,429,SUP059,2023-09-07,2025-11-11 152845
PROD044,Wearables Product 44,Sports,Wearables,728.86,324,SUP051,2023-12-28,2025-11-10 152845
PROD045,Athletic Product 45,Footwear,Athletic,1625.33,741,SUP087,2023-01-20,2025-11-12 152845
PROD046,Cleaning Product 46,Home,Cleaning,1871.76,391,SUP018,2023-09-15,2025-11-09 152845
PROD047,Outerwear Product 47,Clothing,Outerwear,1048.06,514,SUP021,2023-10-19,2025-11-08 152845
PROD048,Bottoms Product 48,Clothing,Bottoms,821.13,72,SUP048,2023-09-04,2025-11-11 152845
PROD049,Kitchen Product 49,Home,Kitchen,890.35,223,SUP041,2023-10-22,2025-11-11 152845
PROD050,Casual Product 50,Clothing,Casual,1842.99,510,SUP004,2023-08-05,2025-11-09 152845
PROD051,Peripherals Product 51,Electronics,Peripherals,589.64,707,SUP067,2023-12-11,2025-11-09 152845
PROD052,Athletic Product 52,Footwear,Athletic,421.32,214,SUP020,2023-08-04,2025-11-08 152845
PROD053,Power Product 53,Electronics,Power,785.68,375,SUP046,2023-06-12,2025-11-08 152845
PROD054,Outerwear Product 54,Clothing,Outerwear,1298.28,705,SUP030,2023-01-23,2025-11-08 152845
PROD055,Computers Product 55,Electronics,Computers,1146.98,972,SUP065,2023-10-21,2025-11-12 152845
PROD056,Cleaning Product 56,Home,Cleaning,365.41,788,SUP026,2023-06-16,2025-11-12 152845
PROD057,Winter Product 57,Footwear,Winter,1669.13,412,SUP076,2023-04-15,2025-11-08 152845
PROD058,Kitchen Product 58,Home,Kitchen,1255.47,748,SUP054,2023-09-10,2025-11-12 152845
PROD059,Bathroom Product 59,Home,Bathroom,857.19,452,SUP073,2023-05-21,2025-11-13 152845
PROD060,Cables Product 60,Electronics,Cables,1746.42,15,SUP078,2023-07-27,2025-11-12 152845
PROD061,Tablets Product 61,Electronics,Tablets,732.01,53,SUP021,2023-09-03,2025-11-13 152845
PROD062,Tablets Product 62,Electronics,Tablets,1113.17,668,SUP024,2023-07-02,2025-11-10 152845
PROD063,Wearables Product 63,Sports,Wearables,768.4,355,SUP095,2023-06-29,2025-11-10 152845
PROD064,Outdoor Product 64,Sports,Outdoor,1567.98,485,SUP037,2023-03-13,2025-11-10 152845
PROD065,Bedding Product 65,Home,Bedding,958.09,558,SUP052,2023-04-25,2025-11-10 152845
PROD066,Tops Product 66,Clothing,Tops,1136.77,667,SUP048,2023-10-20,2025-11-13 152845
PROD067,Tops Product 67,Clothing,Tops,1411.13,986,SUP099,2023-12-11,2025-11-12 152845
PROD068,Audio Product 68,Electronics,Audio,1725.63,325,SUP043,2023-06-06,2025-11-13 152845
PROD069,Bottoms Product 69,Clothing,Bottoms,1584.48,870,SUP005,2023-11-12,2025-11-12 152845
PROD070,Tablets Product 70,Electronics,Tablets,68.22,165,SUP095,2023-02-22,2025-11-08 152845
PROD071,Dresses Product 71,Clothing,Dresses,1020.41,501,SUP036,2023-07-21,2025-11-10 152845
PROD072,Winter Product 72,Footwear,Winter,1221.38,889,SUP094,2023-01-12,2025-11-11 152845
PROD073,Outdoor Product 73,Sports,Outdoor,1622.07,663,SUP094,2023-11-08,2025-11-11 152845
PROD074,Dresses Product 74,Clothing,Dresses,546.74,616,SUP068,2023-07-09,2025-11-09 152845
PROD075,Dresses Product 75,Clothing,Dresses,1615.6,481,SUP083,2023-11-16,2025-11-10 152845
PROD076,Casual Product 76,Footwear,Casual,1430.25,374,SUP093,2023-01-10,2025-11-09 152845
PROD077,Casual Product 77,Clothing,Casual,1904.96,494,SUP093,2023-06-30,2025-11-13 152845
PROD078,Equipment Product 78,Sports,Equipment,592.34,252,SUP042,2023-02-01,2025-11-13 152845
PROD079,Equipment Product 79,Sports,Equipment,215.49,854,SUP073,2023-05-20,2025-11-11 152845
PROD080,Athletic Product 80,Footwear,Athletic,1427.34,110,SUP044,2023-01-13,2025-11-10 152845
PROD081,Cleaning Product 81,Home,Cleaning,1153.55,834,SUP029,2023-06-26,2025-11-10 152845
PROD082,Bedding Product 82,Home,Bedding,387.65,673,SUP065,2023-02-25,2025-11-08 152845
PROD083,Outdoor Product 83,Sports,Outdoor,1155.66,809,SUP023,2023-01-29,2025-11-09 152845
PROD084,Wearables Product 84,Sports,Wearables,116.03,424,SUP030,2023-04-02,2025-11-13 152845
PROD085,Wearables Product 85,Sports,Wearables,101.07,428,SUP006,2023-01-26,2025-11-12 152845
PROD086,Cables Product 86,Electronics,Cables,671.31,795,SUP055,2023-01-06,2025-11-11 152845
PROD087,Bedding Product 87,Home,Bedding,454.07,942,SUP004,2023-08-05,2025-11-08 152845
PROD088,Bottoms Product 88,Clothing,Bottoms,1462.56,500,SUP018,2023-01-16,2025-11-11 152845
PROD089,Wearables Product 89,Sports,Wearables,476.98,967,SUP003,2023-05-14,2025-11-09 152845
PROD090,Tops Product 90,Clothing,Tops,188.12,770,SUP096,2023-07-03,2025-11-08 152845
PROD091,Formal Product 91,Footwear,Formal,272.53,836,SUP020,2023-04-29,2025-11-11 152845
PROD092,Tops Product 92,Clothing,Tops,701.72,986,SUP035,2023-11-25,2025-11-10 152845
PROD093,Kitchen Product 93,Home,Kitchen,1651.24,887,SUP097,2023-09-13,2025-11-12 152845
PROD094,Audio Product 94,Electronics,Audio,562.56,311,SUP068,2023-10-26,2025-11-10 152845
PROD095,Winter Product 95,Footwear,Winter,1075.36,12,SUP085,2023-03-30,2025-11-11 152845
PROD096,Tablets Product 96,Electronics,Tablets,540.69,506,SUP075,2023-07-11,2025-11-09 152845
PROD097,Audio Product 97,Electronics,Audio,451.75,275,SUP037,2023-01-29,2025-11-12 152845
PROD098,Outerwear Product 98,Clothing,Outerwear,1106.01,837,SUP051,2023-07-01,2025-11-08 152845
PROD099,Wearables Product 99,Sports,Wearables,25.48,2,SUP033,2023-05-07,2025-11-11 152845
PROD100,Cleaning Product 100,Home,Cleaning,1462.11,317,SUP084,2023-02-26,2025-11-13 152845
PROD101,Casual Product 101,Footwear,Casual,224.98,159,SUP079,2023-05-03,2025-11-11 152845
PROD102,Outdoor Product 102,Sports,Outdoor,1472.06,262,SUP034,2023-03-18,2025-11-12 152845
PROD103,Outerwear Product 103,Clothing,Outerwear,543.73,582,SUP089,2023-05-12,2025-11-09 152845
PROD104,Outdoor Product 104,Sports,Outdoor,1367.95,759,SUP065,2023-06-28,2025-11-08 152845
PROD105,Formal Product 105,Clothing,Formal,1859.61,109,SUP078,2023-06-06,2025-11-12 152845
PROD106,Audio Product 106,Electronics,Audio,1377.52,154,SUP077,2023-12-26,2025-11-13 152845
PROD107,Outerwear Product 107,Clothing,Outerwear,948.87,255,SUP024,2023-02-06,2025-11-13 152845
PROD108,Equipment Product 108,Sports,Equipment,738.29,335,SUP086,2023-10-11,2025-11-09 152845
PROD109,Kitchen Product 109,Home,Kitchen,84.66,466,SUP043,2023-03-04,2025-11-10 152845
PROD110,Bathroom Product 110,Home,Bathroom,557.85,130,SUP072,2023-01-23,2025-11-10 152845
PROD111,Winter Product 111,Footwear,Winter,1630.17,55,SUP018,2023-06-30,2025-11-10 152845
PROD112,Outdoor Product 112,Sports,Outdoor,1473.31,852,SUP037,2023-08-16,2025-11-09 152845
PROD113,Casual Product 113,Footwear,Casual,240.77,284,SUP022,2023-07-17,2025-11-12 152845
PROD114,Formal Product 114,Clothing,Formal,1958.26,956,SUP029,2023-02-19,2025-11-08 152845
PROD115,Cables Product 115,Electronics,Cables,1255.65,451,SUP065,2023-06-07,2025-11-11 152845
PROD116,Athletic Product 116,Footwear,Athletic,1153.45,487,SUP026,2023-01-14,2025-11-08 152845
PROD117,Accessories Product 117,Electronics,Accessories,319.84,359,SUP070,2023-03-26,2025-11-13 152845
PROD118,Tops Product 118,Clothing,Tops,1095.43,641,SUP051,2023-09-16,2025-11-09 152845
PROD119,Power Product 119,Electronics,Power,156.69,725,SUP014,2023-04-18,2025-11-13 152845
PROD120,Formal Product 120,Clothing,Formal,234.52,191,SUP037,2023-03-06,2025-11-08 152845
PROD121,Casual Product 121,Footwear,Casual,325.41,707,SUP033,2023-10-10,2025-11-08 152845
PROD122,Computers Product 122,Electronics,Computers,553.27,601,SUP019,2023-07-11,2025-11-08 152845
PROD123,Cleaning Product 123,Home,Cleaning,655.77,186,SUP044,2023-11-22,2025-11-12 152845
PROD124,Dresses Product 124,Clothing,Dresses,595.84,901,SUP084,2023-10-21,2025-11-13 152845
PROD125,Outdoor Product 125,Sports,Outdoor,292.81,219,SUP047,2023-12-22,2025-11-13 152845
PROD126,Athletic Product 126,Footwear,Athletic,1040.75,75,SUP090,2023-04-15,2025-11-11 152845
PROD127,Wearables Product 127,Sports,Wearables,234.58,839,SUP095,2023-01-15,2025-11-09 152845
PROD128,Kitchen Product 128,Home,Kitchen,1359.6,773,SUP023,2023-04-17,2025-11-09 152845
PROD129,Cables Product 129,Electronics,Cables,677.5,865,SUP014,2023-04-24,2025-11-11 152845
PROD130,Kitchen Product 130,Home,Kitchen,57.62,29,SUP015,2023-03-17,2025-11-09 152845
PROD131,Outdoor Product 131,Sports,Outdoor,1926.69,624,SUP032,2023-02-23,2025-11-09 152845
PROD132,Athletic Product 132,Footwear,Athletic,1419.23,932,SUP005,2023-12-25,2025-11-08 152845
PROD133,Dresses Product 133,Clothing,Dresses,745.69,560,SUP090,2023-07-19,2025-11-10 152845
PROD134,Casual Product 134,Footwear,Casual,332.39,716,SUP023,2023-05-06,2025-11-13 152845
PROD135,Power Product 135,Electronics,Power,1128.68,120,SUP073,2023-11-28,2025-11-08 152845
PROD136,Tops Product 136,Clothing,Tops,701.28,185,SUP082,2023-06-09,2025-11-09 152845
PROD137,Equipment Product 137,Sports,Equipment,1323.46,261,SUP036,2023-06-27,2025-11-12 152845
PROD138,Outdoor Product 138,Sports,Outdoor,131.26,380,SUP014,2023-01-31,2025-11-09 152845
PROD139,Equipment Product 139,Sports,Equipment,866.45,651,SUP082,2023-05-05,2025-11-08 152845
PROD140,Tablets Product 140,Electronics,Tablets,933.07,583,SUP043,2023-02-12,2025-11-08 152845
PROD141,Cleaning Product 141,Home,Cleaning,240.68,480,SUP089,2023-05-26,2025-11-10 152845
PROD142,Outerwear Product 142,Clothing,Outerwear,340.57,815,SUP098,2023-05-27,2025-11-08 152845
PROD143,Athletic Product 143,Footwear,Athletic,1553.25,541,SUP020,2023-07-22,2025-11-09 152845
PROD144,Tops Product 144,Clothing,Tops,1188.58,33,SUP035,2023-11-22,2025-11-11 152845
PROD145,Athletic Product 145,Footwear,Athletic,766.14,961,SUP061,2023-12-29,2025-11-08 152845
PROD146,Cleaning Product 146,Home,Cleaning,562.82,729,SUP041,2023-04-22,2025-11-13 152845
PROD147,Formal Product 147,Clothing,Formal,1420.64,685,SUP098,2023-03-07,2025-11-09 152845
PROD148,Equipment Product 148,Sports,Equipment,1471.74,104,SUP023,2023-03-14,2025-11-13 152845
PROD149,Tops Product 149,Clothing,Tops,1772.28,201,SUP090,2023-07-20,2025-11-12 152845
PROD150,Equipment Product 150,Sports,Equipment,636.63,438,SUP017,2023-01-31,2025-11-09 152845
PROD151,Kitchen Product 151,Home,Kitchen,392.22,237,SUP088,2023-11-06,2025-11-10 152845
PROD152,Bathroom Product 152,Home,Bathroom,1295.32,692,SUP001,2023-10-08,2025-11-13 152845
PROD153,Athletic Product 153,Footwear,Athletic,630.3,367,SUP056,2023-06-15,2025-11-13 152845
PROD154,Peripherals Product 154,Electronics,Peripherals,662.44,510,SUP071,2023-04-10,2025-11-09 152845
PROD155,Accessories Product 155,Electronics,Accessories,1906.83,482,SUP068,2023-08-23,2025-11-11 152845
PROD156,Formal Product 156,Clothing,Formal,1560.13,292,SUP097,2023-09-30,2025-11-10 152845
PROD157,Bottoms Product 157,Clothing,Bottoms,1858.2,422,SUP030,2023-12-02,2025-11-08 152845
PROD158,Winter Product 158,Footwear,Winter,683.65,425,SUP061,2023-09-14,2025-11-13 152845
PROD159,Tops Product 159,Clothing,Tops,1275.33,863,SUP033,2023-06-23,2025-11-13 152845
PROD160,Audio Product 160,Electronics,Audio,937.46,854,SUP061,2023-11-10,2025-11-12 152845
PROD161,Equipment Product 161,Sports,Equipment,660.76,105,SUP075,2023-07-15,2025-11-08 152845
PROD162,Winter Product 162,Footwear,Winter,1272.7,992,SUP038,2023-08-07,2025-11-08 152845
PROD163,Tops Product 163,Clothing,Tops,1321.06,874,SUP087,2023-02-28,2025-11-10 152845
PROD164,Equipment Product 164,Sports,Equipment,258.45,319,SUP034,2023-05-28,2025-11-10 152845
PROD165,Casual Product 165,Clothing,Casual,440.67,56,SUP031,2023-12-19,2025-11-12 152845
PROD166,Formal Product 166,Clothing,Formal,1618.66,480,SUP069,2023-07-30,2025-11-12 152845
PROD167,Wearables Product 167,Sports,Wearables,1260.8,989,SUP086,2023-08-06,2025-11-10 152845
PROD168,Casual Product 168,Footwear,Casual,1358.36,951,SUP069,2023-12-14,2025-11-11 152845
PROD169,Bathroom Product 169,Home,Bathroom,1158.5,290,SUP037,2023-10-29,2025-11-11 152845
PROD170,Outerwear Product 170,Clothing,Outerwear,756.37,726,SUP013,2023-03-02,2025-11-13 152845
PROD171,Kitchen Product 171,Home,Kitchen,465.03,734,SUP028,2023-08-18,2025-11-10 152845
PROD172,Accessories Product 172,Electronics,Accessories,483.67,489,SUP019,2023-03-09,2025-11-13 152845
PROD173,Bedding Product 173,Home,Bedding,874.23,49,SUP014,2023-12-23,2025-11-11 152845
PROD174,Outdoor Product 174,Sports,Outdoor,1373.82,310,SUP018,2023-11-05,2025-11-08 152845
PROD175,Formal Product 175,Clothing,Formal,992.45,317,SUP058,2023-11-14,2025-11-12 152845
PROD176,Formal Product 176,Footwear,Formal,717.92,946,SUP060,2023-05-02,2025-11-09 152845
PROD177,Equipment Product 177,Sports,Equipment,1968.01,344,SUP045,2023-08-30,2025-11-09 152845
PROD178,Bottoms Product 178,Clothing,Bottoms,1595.75,719,SUP065,2023-02-12,2025-11-12 152845
PROD179,Formal Product 179,Footwear,Formal,1609.82,794,SUP072,2023-01-24,2025-11-11 152845
PROD180,Cleaning Product 180,Home,Cleaning,378.66,165,SUP063,2023-11-12,2025-11-12 152845
PROD181,Equipment Product 181,Sports,Equipment,326.17,726,SUP008,2023-07-07,2025-11-11 152845
PROD182,Bathroom Product 182,Home,Bathroom,1498.78,628,SUP091,2023-02-27,2025-11-11 152845
PROD183,Equipment Product 183,Sports,Equipment,812.65,329,SUP041,2023-01-09,2025-11-08 152845
PROD184,Formal Product 184,Footwear,Formal,1583.75,223,SUP095,2023-09-30,2025-11-09 152845
PROD185,Bedding Product 185,Home,Bedding,1613.09,928,SUP098,2023-06-20,2025-11-11 152845
PROD186,Athletic Product 186,Footwear,Athletic,1799.24,654,SUP029,2023-10-19,2025-11-12 152845
PROD187,Equipment Product 187,Sports,Equipment,1373.56,136,SUP093,2023-03-08,2025-11-09 152845
PROD188,Bedding Product 188,Home,Bedding,864.92,769,SUP040,2023-12-06,2025-11-08 152845
PROD189,Bedding Product 189,Home,Bedding,1292.39,903,SUP084,2023-03-08,2025-11-08 152845
PROD190,Tops Product 190,Clothing,Tops,935.69,52,SUP057,2023-12-10,2025-11-09 152845
PROD191,Winter Product 191,Footwear,Winter,914.89,577,SUP100,2023-10-08,2025-11-09 152845
PROD192,Cleaning Product 192,Home,Cleaning,23.22,50,SUP053,2023-06-02,2025-11-09 152845
PROD193,Wearables Product 193,Sports,Wearables,766.87,121,SUP057,2023-11-14,2025-11-09 152845
PROD194,Equipment Product 194,Sports,Equipment,1534.86,494,SUP021,2023-04-09,2025-11-12 152845
PROD195,Athletic Product 195,Footwear,Athletic,1057.3,769,SUP086,2023-06-10,2025-11-12 152845
PROD196,Winter Product 196,Footwear,Winter,108.06,213,SUP029,2023-02-04,2025-11-11 152845
PROD197,Tops Product 197,Clothing,Tops,1796.65,116,SUP007,2023-08-17,2025-11-11 152845
PROD198,Equipment Product 198,Sports,Equipment,1098.74,152,SUP061,2023-10-07,2025-11-08 152845
PROD199,Casual Product 199,Footwear,Casual,1485.18,525,SUP002,2023-06-30,2025-11-09 152845
PROD200,Computers Product 200,Electronics,Computers,1187.38,532,SUP020,2023-07-06,2025-11-10 152845
PROD201,Winter Product 201,Footwear,Winter,1404.07,638,SUP065,2023-07-28,2025-11-10 152845
PROD202,Winter Product 202,Footwear,Winter,792.12,553,SUP093,2023-04-16,2025-11-13 152845
PROD203,Outerwear Product 203,Clothing,Outerwear,511.94,623,SUP042,2023-05-15,2025-11-10 152845
PROD204,Athletic Product 204,Footwear,Athletic,1477.7,888,SUP038,2023-04-25,2025-11-10 152845
PROD205,Power Product 205,Electronics,Power,909.14,225,SUP065,2023-05-01,2025-11-11 152845
PROD206,Outerwear Product 206,Clothing,Outerwear,1799.98,16,SUP070,2023-03-10,2025-11-09 152845
PROD207,Power Product 207,Electronics,Power,1363.89,691,SUP067,2023-11-19,2025-11-13 152845
PROD208,Computers Product 208,Electronics,Computers,878.89,792,SUP022,2023-10-03,2025-11-12 152845
PROD209,Bottoms Product 209,Clothing,Bottoms,503.92,128,SUP065,2023-04-12,2025-11-11 152845
PROD210,Winter Product 210,Footwear,Winter,1933.54,595,SUP007,2023-04-22,2025-11-08 152845
PROD211,Cleaning Product 211,Home,Cleaning,1709.6,670,SUP080,2023-01-25,2025-11-12 152845
PROD212,Winter Product 212,Footwear,Winter,43.36,128,SUP041,2023-10-04,2025-11-12 152845
PROD213,Bottoms Product 213,Clothing,Bottoms,119.23,636,SUP035,2023-10-22,2025-11-10 152845
PROD214,Bottoms Product 214,Clothing,Bottoms,838.06,449,SUP089,2023-06-07,2025-11-11 152845
PROD215,Computers Product 215,Electronics,Computers,815.71,877,SUP100,2023-07-18,2025-11-13 152845
PROD216,Peripherals Product 216,Electronics,Peripherals,1750.5,935,SUP029,2023-02-16,2025-11-09 152845
PROD217,Bottoms Product 217,Clothing,Bottoms,1304.21,454,SUP027,2023-10-20,2025-11-10 152845
PROD218,Formal Product 218,Footwear,Formal,457.97,652,SUP064,2023-09-26,2025-11-10 152845
PROD219,Equipment Product 219,Sports,Equipment,1781.57,35,SUP038,2023-06-13,2025-11-12 152845
PROD220,Outdoor Product 220,Sports,Outdoor,1346.2,45,SUP089,2023-01-02,2025-11-09 152845
PROD221,Bathroom Product 221,Home,Bathroom,1134.45,648,SUP043,2023-03-27,2025-11-13 152845
PROD222,Kitchen Product 222,Home,Kitchen,1148.06,151,SUP086,2023-09-25,2025-11-12 152845
PROD223,Winter Product 223,Footwear,Winter,366.47,25,SUP043,2023-10-17,2025-11-11 152845
PROD224,Formal Product 224,Clothing,Formal,171.2,118,SUP069,2023-06-01,2025-11-08 152845
PROD225,Kitchen Product 225,Home,Kitchen,585.82,621,SUP008,2023-06-26,2025-11-10 152845
PROD226,Bedding Product 226,Home,Bedding,1145.04,690,SUP100,2023-08-26,2025-11-08 152845
PROD227,Equipment Product 227,Sports,Equipment,499.47,690,SUP020,2023-03-01,2025-11-10 152845
PROD228,Formal Product 228,Footwear,Formal,1416.0,143,SUP080,2023-03-22,2025-11-12 152845
PROD229,Bottoms Product 229,Clothing,Bottoms,365.91,311,SUP097,2023-07-19,2025-11-13 152845
PROD230,Tops Product 230,Clothing,Tops,991.67,527,SUP043,2023-06-10,2025-11-09 152845
PROD231,Wearables Product 231,Sports,Wearables,572.68,921,SUP008,2023-12-11,2025-11-10 152845
PROD232,Winter Product 232,Footwear,Winter,1836.16,825,SUP010,2023-12-29,2025-11-08 152845
PROD233,Outerwear Product 233,Clothing,Outerwear,1573.36,265,SUP100,2023-02-03,2025-11-10 152845
PROD234,Kitchen Product 234,Home,Kitchen,40.94,301,SUP008,2023-02-06,2025-11-08 152845
PROD235,Peripherals Product 235,Electronics,Peripherals,1640.62,329,SUP004,2023-11-22,2025-11-08 152845
PROD236,Kitchen Product 236,Home,Kitchen,35.37,535,SUP043,2023-12-06,2025-11-13 152845
PROD237,Casual Product 237,Footwear,Casual,68.64,223,SUP039,2023-08-08,2025-11-12 152845
PROD238,Kitchen Product 238,Home,Kitchen,644.56,868,SUP087,2023-12-15,2025-11-10 152845
PROD239,Outdoor Product 239,Sports,Outdoor,1304.63,756,SUP018,2023-09-13,2025-11-08 152845
PROD240,Cleaning Product 240,Home,Cleaning,1454.72,120,SUP007,2023-12-07,2025-11-08 152845
PROD241,Formal Product 241,Clothing,Formal,1509.27,860,SUP071,2023-07-17,2025-11-09 152845
PROD242,Casual Product 242,Footwear,Casual,1711.92,709,SUP065,2023-08-01,2025-11-13 152845
PROD243,Accessories Product 243,Electronics,Accessories,273.15,728,SUP072,2023-12-15,2025-11-08 152845
PROD244,Equipment Product 244,Sports,Equipment,1694.92,915,SUP092,2023-03-18,2025-11-12 152845
PROD245,Casual Product 245,Clothing,Casual,309.25,104,SUP016,2023-07-17,2025-11-13 152845
PROD246,Outdoor Product 246,Sports,Outdoor,1129.57,699,SUP047,2023-05-19,2025-11-13 152845
PROD247,Formal Product 247,Clothing,Formal,313.8,704,SUP053,2023-02-13,2025-11-11 152845
PROD248,Formal Product 248,Footwear,Formal,655.5,132,SUP088,2023-08-02,2025-11-13 152845
PROD249,Equipment Product 249,Sports,Equipment,645.17,67,SUP008,2023-12-18,2025-11-11 152845
PROD250,Casual Product 250,Footwear,Casual,842.93,225,SUP075,2023-01-17,2025-11-08 152845
PROD251,Casual Product 251,Footwear,Casual,966.38,827,SUP007,2023-08-25,2025-11-11 152845
PROD252,Bedding Product 252,Home,Bedding,197.11,541,SUP019,2023-01-11,2025-11-08 152845
PROD253,Tops Product 253,Clothing,Tops,1995.15,517,SUP067,2023-09-02,2025-11-13 152845
PROD254,Outdoor Product 254,Sports,Outdoor,480.4,435,SUP072,2023-11-27,2025-11-09 152845
PROD255,Tablets Product 255,Electronics,Tablets,833.02,378,SUP085,2023-12-06,2025-11-08 152845
PROD256,Formal Product 256,Footwear,Formal,588.84,969,SUP037,2023-12-27,2025-11-12 152845
PROD257,Outerwear Product 257,Clothing,Outerwear,181.6,405,SUP048,2023-06-12,2025-11-12 152845
PROD258,Bedding Product 258,Home,Bedding,122.84,691,SUP048,2023-10-06,2025-11-11 152845
PROD259,Cables Product 259,Electronics,Cables,1953.9,454,SUP085,2023-02-04,2025-11-10 152845
PROD260,Outdoor Product 260,Sports,Outdoor,277.36,444,SUP085,2023-07-16,2025-11-12 152845
PROD261,Peripherals Product 261,Electronics,Peripherals,1458.55,815,SUP071,2023-07-08,2025-11-09 152845
PROD262,Equipment Product 262,Sports,Equipment,1740.8,801,SUP015,2023-06-15,2025-11-13 152845
PROD263,Outdoor Product 263,Sports,Outdoor,84.03,102,SUP052,2023-07-06,2025-11-13 152845
PROD264,Cleaning Product 264,Home,Cleaning,711.43,330,SUP080,2023-02-14,2025-11-09 152845
PROD265,Bedding Product 265,Home,Bedding,1999.16,954,SUP070,2023-06-20,2025-11-11 152845
PROD266,Formal Product 266,Clothing,Formal,261.86,411,SUP030,2023-11-19,2025-11-09 152845
PROD267,Casual Product 267,Footwear,Casual,1544.64,128,SUP033,2023-11-30,2025-11-11 152845
PROD268,Cleaning Product 268,Home,Cleaning,519.63,162,SUP029,2023-01-11,2025-11-09 152845
PROD269,Dresses Product 269,Clothing,Dresses,962.37,804,SUP035,2023-09-14,2025-11-11 152845
PROD270,Computers Product 270,Electronics,Computers,45.49,28,SUP003,2023-01-03,2025-11-09 152845
PROD271,Tablets Product 271,Electronics,Tablets,932.19,181,SUP077,2023-02-08,2025-11-11 152845
PROD272,Formal Product 272,Footwear,Formal,1414.72,165,SUP034,2023-11-19,2025-11-11 152845
PROD273,Accessories Product 273,Electronics,Accessories,806.18,617,SUP014,2023-09-11,2025-11-13 152845
PROD274,Athletic Product 274,Footwear,Athletic,1482.19,51,SUP071,2023-03-01,2025-11-12 152845
PROD275,Formal Product 275,Clothing,Formal,1727.92,47,SUP085,2023-03-14,2025-11-08 152845
PROD276,Casual Product 276,Clothing,Casual,1223.6,394,SUP095,2023-04-09,2025-11-13 152845
PROD277,Equipment Product 277,Sports,Equipment,1742.87,637,SUP063,2023-08-17,2025-11-09 152845
PROD278,Tablets Product 278,Electronics,Tablets,649.99,706,SUP007,2023-07-30,2025-11-08 152845
PROD279,Smartphones Product 279,Electronics,Smartphones,1381.53,460,SUP097,2023-07-25,2025-11-09 152845
PROD280,Outerwear Product 280,Clothing,Outerwear,1664.82,15,SUP091,2023-10-10,2025-11-09 152845
PROD281,Equipment Product 281,Sports,Equipment,1006.47,354,SUP079,2023-12-01,2025-11-11 152845
PROD282,Audio Product 282,Electronics,Audio,1592.72,530,SUP070,2023-08-02,2025-11-11 152845
PROD283,Kitchen Product 283,Home,Kitchen,594.03,223,SUP037,2023-08-03,2025-11-08 152845
PROD284,Equipment Product 284,Sports,Equipment,592.79,459,SUP040,2023-05-10,2025-11-09 152845
PROD285,Equipment Product 285,Sports,Equipment,978.88,599,SUP036,2023-06-21,2025-11-12 152845
PROD286,Kitchen Product 286,Home,Kitchen,1834.05,758,SUP100,2023-10-03,2025-11-08 152845
PROD287,Tops Product 287,Clothing,Tops,1523.1,499,SUP008,2023-02-18,2025-11-13 152845
PROD288,Tops Product 288,Clothing,Tops,618.69,719,SUP051,2023-07-18,2025-11-13 152845
PROD289,Bathroom Product 289,Home,Bathroom,1818.99,54,SUP031,2023-04-21,2025-11-13 152845
PROD290,Outdoor Product 290,Sports,Outdoor,444.8,338,SUP018,2023-01-30,2025-11-11 152845
PROD291,Outdoor Product 291,Sports,Outdoor,1020.77,849,SUP070,2023-09-26,2025-11-08 152845
PROD292,Tops Product 292,Clothing,Tops,319.92,979,SUP067,2023-04-26,2025-11-11 152845
PROD293,Bathroom Product 293,Home,Bathroom,1764.8,458,SUP043,2023-07-31,2025-11-09 152845
PROD294,Cleaning Product 294,Home,Cleaning,996.18,753,SUP097,2023-02-03,2025-11-08 152845
PROD295,Athletic Product 295,Footwear,Athletic,486.34,856,SUP083,2023-03-09,2025-11-08 152845
PROD296,Winter Product 296,Footwear,Winter,820.38,885,SUP001,2023-05-04,2025-11-13 152845
PROD297,Wearables Product 297,Sports,Wearables,1827.21,248,SUP091,2023-08-07,2025-11-13 152845
PROD298,Tablets Product 298,Electronics,Tablets,1555.33,650,SUP045,2023-12-11,2025-11-11 152845
PROD299,Wearables Product 299,Sports,Wearables,252.36,809,SUP045,2023-03-07,2025-11-11 152845
PROD300,Kitchen Product 300,Home,Kitchen,1711.19,447,SUP051,2023-04-12,2025-11-09 152845
PROD301,Casual Product 301,Clothing,Casual,54.94,916,SUP076,2023-06-11,2025-11-11 152845
PROD302,Bathroom Product 302,Home,Bathroom,1641.81,398,SUP008,2023-06-26,2025-11-13 152845
PROD303,Casual Product 303,Clothing,Casual,607.44,340,SUP093,2023-12-30,2025-11-11 152845
PROD304,Athletic Product 304,Footwear,Athletic,88.26,594,SUP048,2023-07-31,2025-11-09 152845
PROD305,Casual Product 305,Clothing,Casual,1053.06,456,SUP076,2023-04-05,2025-11-11 152845
PROD306,Outdoor Product 306,Sports,Outdoor,180.52,26,SUP095,2023-03-08,2025-11-12 152845
PROD307,Kitchen Product 307,Home,Kitchen,1184.88,412,SUP036,2023-06-20,2025-11-11 152845
PROD308,Equipment Product 308,Sports,Equipment,225.13,712,SUP006,2023-11-30,2025-11-09 152845
PROD309,Bathroom Product 309,Home,Bathroom,1045.15,328,SUP099,2023-05-09,2025-11-11 152845
PROD310,Dresses Product 310,Clothing,Dresses,1215.71,607,SUP025,2023-10-15,2025-11-13 152845
PROD311,Wearables Product 311,Sports,Wearables,1208.27,901,SUP069,2023-10-16,2025-11-08 152845
PROD312,Dresses Product 312,Clothing,Dresses,1580.63,639,SUP030,2023-06-10,2025-11-09 152845
PROD313,Bedding Product 313,Home,Bedding,1434.96,585,SUP037,2023-02-22,2025-11-13 152845
PROD314,Athletic Product 314,Footwear,Athletic,1493.65,303,SUP078,2023-03-31,2025-11-12 152845
PROD315,Athletic Product 315,Footwear,Athletic,1638.02,47,SUP038,2023-11-11,2025-11-09 152845
PROD316,Wearables Product 316,Sports,Wearables,1562.91,127,SUP014,2023-06-24,2025-11-12 152845
PROD317,Tops Product 317,Clothing,Tops,1824.48,697,SUP017,2023-10-23,2025-11-12 152845
PROD318,Casual Product 318,Clothing,Casual,933.82,660,SUP024,2023-04-19,2025-11-08 152845
PROD319,Cleaning Product 319,Home,Cleaning,1006.63,153,SUP002,2023-02-28,2025-11-13 152845
PROD320,Smartphones Product 320,Electronics,Smartphones,93.06,936,SUP065,2023-09-26,2025-11-13 152845
PROD321,Audio Product 321,Electronics,Audio,1894.9,947,SUP089,2023-08-11,2025-11-09 152845
PROD322,Kitchen Product 322,Home,Kitchen,385.98,333,SUP084,2023-07-05,2025-11-08 152845
PROD323,Tops Product 323,Clothing,Tops,1503.03,720,SUP090,2023-05-26,2025-11-09 152845
PROD324,Cleaning Product 324,Home,Cleaning,318.47,399,SUP012,2023-09-06,2025-11-09 152845
PROD325,Outerwear Product 325,Clothing,Outerwear,208.0,536,SUP005,2023-04-03,2025-11-08 152845
PROD326,Bathroom Product 326,Home,Bathroom,589.29,645,SUP039,2023-01-11,2025-11-09 152845
PROD327,Formal Product 327,Clothing,Formal,1848.34,534,SUP019,2023-06-06,2025-11-13 152845
PROD328,Equipment Product 328,Sports,Equipment,558.75,681,SUP081,2023-08-04,2025-11-12 152845
PROD329,Casual Product 329,Footwear,Casual,1543.05,672,SUP005,2023-04-25,2025-11-10 152845
PROD330,Formal Product 330,Footwear,Formal,824.68,630,SUP098,2023-09-21,2025-11-08 152845
PROD331,Athletic Product 331,Footwear,Athletic,1329.08,150,SUP092,2023-04-17,2025-11-12 152845
PROD332,Power Product 332,Electronics,Power,760.82,25,SUP085,2023-07-29,2025-11-11 152845
PROD333,Accessories Product 333,Electronics,Accessories,597.6,36,SUP076,2023-05-04,2025-11-09 152845
PROD334,Winter Product 334,Footwear,Winter,626.91,952,SUP050,2023-09-15,2025-11-09 152845
PROD335,Athletic Product 335,Footwear,Athletic,562.24,943,SUP066,2023-08-14,2025-11-13 152845
PROD336,Casual Product 336,Footwear,Casual,626.28,755,SUP090,2023-06-21,2025-11-12 152845
PROD337,Wearables Product 337,Sports,Wearables,1313.25,961,SUP021,2023-05-11,2025-11-13 152845
PROD338,Cleaning Product 338,Home,Cleaning,1123.31,760,SUP080,2023-10-14,2025-11-08 152845
PROD339,Bedding Product 339,Home,Bedding,960.67,712,SUP095,2023-10-18,2025-11-08 152845
PROD340,Bottoms Product 340,Clothing,Bottoms,361.15,310,SUP073,2023-07-30,2025-11-09 152845
PROD341,Casual Product 341,Footwear,Casual,631.04,591,SUP051,2023-02-03,2025-11-09 152845
PROD342,Smartphones Product 342,Electronics,Smartphones,926.45,249,SUP057,2023-08-04,2025-11-09 152845
PROD343,Bathroom Product 343,Home,Bathroom,1295.6,810,SUP075,2023-10-14,2025-11-12 152845
PROD344,Equipment Product 344,Sports,Equipment,886.4,575,SUP059,2023-04-29,2025-11-12 152845
PROD345,Athletic Product 345,Footwear,Athletic,1812.92,300,SUP012,2023-03-31,2025-11-08 152845
PROD346,Outerwear Product 346,Clothing,Outerwear,1129.9,812,SUP012,2023-02-08,2025-11-13 152845
PROD347,Tops Product 347,Clothing,Tops,1944.05,618,SUP080,2023-01-26,2025-11-08 152845
PROD348,Formal Product 348,Footwear,Formal,1714.43,639,SUP036,2023-04-03,2025-11-10 152845
PROD349,Casual Product 349,Footwear,Casual,480.34,327,SUP023,2023-12-26,2025-11-11 152845
PROD350,Smartphones Product 350,Electronics,Smartphones,127.24,339,SUP086,2023-10-17,2025-11-08 152845
PROD351,Power Product 351,Electronics,Power,923.33,642,SUP015,2023-01-28,2025-11-12 152845
PROD352,Athletic Product 352,Footwear,Athletic,376.2,803,SUP088,2023-06-13,2025-11-10 152845
PROD353,Kitchen Product 353,Home,Kitchen,129.22,616,SUP075,2023-03-07,2025-11-09 152845
PROD354,Equipment Product 354,Sports,Equipment,313.28,315,SUP042,2023-04-20,2025-11-11 152845
PROD355,Outerwear Product 355,Clothing,Outerwear,619.81,856,SUP017,2023-11-13,2025-11-10 152845
PROD356,Athletic Product 356,Footwear,Athletic,590.83,532,SUP063,2023-07-15,2025-11-09 152845
PROD357,Wearables Product 357,Sports,Wearables,349.61,895,SUP048,2023-01-07,2025-11-11 152845
PROD358,Bathroom Product 358,Home,Bathroom,1337.89,515,SUP031,2023-01-08,2025-11-10 152845
PROD359,Formal Product 359,Footwear,Formal,234.35,966,SUP058,2023-06-13,2025-11-13 152845
PROD360,Tablets Product 360,Electronics,Tablets,1370.3,791,SUP053,2023-06-08,2025-11-08 152845
PROD361,Cables Product 361,Electronics,Cables,1607.08,122,SUP011,2023-09-25,2025-11-11 152845
PROD362,Formal Product 362,Footwear,Formal,389.52,203,SUP094,2023-02-09,2025-11-12 152845
PROD363,Wearables Product 363,Sports,Wearables,951.7,758,SUP045,2023-05-07,2025-11-11 152845
PROD364,Peripherals Product 364,Electronics,Peripherals,779.68,625,SUP038,2023-03-20,2025-11-09 152845
PROD365,Bedding Product 365,Home,Bedding,886.8,570,SUP047,2023-05-06,2025-11-12 152845
PROD366,Outerwear Product 366,Clothing,Outerwear,814.62,987,SUP026,2023-02-25,2025-11-08 152845
PROD367,Formal Product 367,Footwear,Formal,884.77,404,SUP097,2023-03-16,2025-11-10 152845
PROD368,Power Product 368,Electronics,Power,1852.19,95,SUP076,2023-02-20,2025-11-12 152845
PROD369,Accessories Product 369,Electronics,Accessories,212.5,351,SUP043,2023-08-22,2025-11-12 152845
PROD370,Casual Product 370,Clothing,Casual,179.13,769,SUP062,2023-04-12,2025-11-13 152845
PROD371,Audio Product 371,Electronics,Audio,1311.06,867,SUP024,2023-06-03,2025-11-13 152845
PROD372,Cleaning Product 372,Home,Cleaning,1765.82,395,SUP085,2023-10-29,2025-11-12 152845
PROD373,Casual Product 373,Footwear,Casual,847.15,121,SUP025,2023-01-16,2025-11-12 152845
PROD374,Accessories Product 374,Electronics,Accessories,395.46,305,SUP076,2023-03-24,2025-11-08 152845
PROD375,Bedding Product 375,Home,Bedding,1182.52,334,SUP072,2023-09-27,2025-11-11 152845
PROD376,Wearables Product 376,Sports,Wearables,1971.54,798,SUP035,2023-05-20,2025-11-11 152845
PROD377,Formal Product 377,Footwear,Formal,417.67,927,SUP030,2023-08-02,2025-11-11 152845
PROD378,Outdoor Product 378,Sports,Outdoor,121.07,340,SUP083,2023-05-24,2025-11-11 152845
PROD379,Casual Product 379,Footwear,Casual,873.79,586,SUP017,2023-10-15,2025-11-08 152845
PROD380,Wearables Product 380,Sports,Wearables,1786.34,666,SUP042,2023-07-15,2025-11-12 152845
PROD381,Formal Product 381,Footwear,Formal,324.78,149,SUP009,2023-06-02,2025-11-08 152845
PROD382,Bathroom Product 382,Home,Bathroom,1240.0,708,SUP098,2023-01-17,2025-11-13 152845
PROD383,Cleaning Product 383,Home,Cleaning,404.3,328,SUP068,2023-01-28,2025-11-10 152845
PROD384,Peripherals Product 384,Electronics,Peripherals,1641.26,523,SUP085,2023-12-07,2025-11-12 152845
PROD385,Audio Product 385,Electronics,Audio,1824.19,103,SUP048,2023-10-24,2025-11-08 152845
PROD386,Casual Product 386,Clothing,Casual,1072.33,413,SUP032,2023-09-30,2025-11-10 152845
PROD387,Bathroom Product 387,Home,Bathroom,1019.53,101,SUP060,2023-12-03,2025-11-11 152845
PROD388,Peripherals Product 388,Electronics,Peripherals,1525.6,833,SUP080,2023-03-25,2025-11-09 152845
PROD389,Audio Product 389,Electronics,Audio,820.48,161,SUP010,2023-11-16,2025-11-10 152845
PROD390,Formal Product 390,Footwear,Formal,785.31,867,SUP015,2023-11-10,2025-11-11 152845
PROD391,Bottoms Product 391,Clothing,Bottoms,845.28,651,SUP003,2023-04-10,2025-11-11 152845
PROD392,Computers Product 392,Electronics,Computers,410.62,668,SUP017,2023-08-23,2025-11-08 152845
PROD393,Winter Product 393,Footwear,Winter,1072.99,965,SUP019,2023-12-06,2025-11-12 152845
PROD394,Outerwear Product 394,Clothing,Outerwear,1918.39,824,SUP028,2023-05-06,2025-11-12 152845
PROD395,Casual Product 395,Footwear,Casual,1899.07,329,SUP072,2023-01-15,2025-11-12 152845
PROD396,Casual Product 396,Clothing,Casual,393.91,862,SUP019,2023-01-15,2025-11-08 152845
PROD397,Wearables Product 397,Sports,Wearables,1564.17,483,SUP011,2023-03-10,2025-11-11 152845
PROD398,Outerwear Product 398,Clothing,Outerwear,580.38,254,SUP012,2023-04-25,2025-11-11 152845
PROD399,Winter Product 399,Footwear,Winter,414.22,859,SUP054,2023-12-28,2025-11-11 152845
PROD400,Bathroom Product 400,Home,Bathroom,1329.98,295,SUP081,2023-10-29,2025-11-13 152845
PROD401,Computers Product 401,Electronics,Computers,798.81,891,SUP089,2023-05-07,2025-11-12 152845
PROD402,Bottoms Product 402,Clothing,Bottoms,1313.62,598,SUP038,2023-12-15,2025-11-09 152845
PROD403,Cables Product 403,Electronics,Cables,396.43,788,SUP062,2023-07-30,2025-11-09 152845
PROD404,Wearables Product 404,Sports,Wearables,1658.36,174,SUP067,2023-09-12,2025-11-09 152845
PROD405,Dresses Product 405,Clothing,Dresses,28.35,250,SUP051,2023-07-04,2025-11-10 152845
PROD406,Athletic Product 406,Footwear,Athletic,304.59,517,SUP005,2023-08-13,2025-11-09 152845
PROD407,Peripherals Product 407,Electronics,Peripherals,1470.35,434,SUP021,2023-01-20,2025-11-10 152845
PROD408,Athletic Product 408,Footwear,Athletic,1335.92,609,SUP048,2023-12-05,2025-11-10 152845
PROD409,Formal Product 409,Footwear,Formal,1526.95,214,SUP021,2023-02-19,2025-11-08 152845
PROD410,Bedding Product 410,Home,Bedding,1618.72,810,SUP080,2023-09-10,2025-11-11 152845
PROD411,Formal Product 411,Clothing,Formal,605.87,395,SUP058,2023-03-18,2025-11-12 152845
PROD412,Casual Product 412,Footwear,Casual,756.22,934,SUP025,2023-11-15,2025-11-13 152845
PROD413,Kitchen Product 413,Home,Kitchen,485.79,342,SUP071,2023-07-04,2025-11-09 152845
PROD414,Kitchen Product 414,Home,Kitchen,1006.8,142,SUP090,2023-01-29,2025-11-10 152845
PROD415,Athletic Product 415,Footwear,Athletic,1204.04,533,SUP002,2023-05-01,2025-11-09 152845
PROD416,Tablets Product 416,Electronics,Tablets,575.53,813,SUP085,2023-09-13,2025-11-13 152845
PROD417,Computers Product 417,Electronics,Computers,48.37,584,SUP098,2023-01-27,2025-11-10 152845
PROD418,Formal Product 418,Clothing,Formal,1111.5,483,SUP086,2023-04-27,2025-11-13 152845
PROD419,Winter Product 419,Footwear,Winter,784.42,727,SUP061,2023-04-06,2025-11-11 152845
PROD420,Formal Product 420,Footwear,Formal,1249.7,594,SUP044,2023-09-24,2025-11-11 152845
PROD421,Cleaning Product 421,Home,Cleaning,1294.12,543,SUP018,2023-02-06,2025-11-13 152845
PROD422,Equipment Product 422,Sports,Equipment,1511.97,77,SUP071,2023-01-01,2025-11-12 152845
PROD423,Bathroom Product 423,Home,Bathroom,218.84,613,SUP023,2023-12-19,2025-11-09 152845
PROD424,Casual Product 424,Footwear,Casual,170.37,819,SUP068,2023-09-13,2025-11-08 152845
PROD425,Equipment Product 425,Sports,Equipment,593.25,406,SUP046,2023-08-24,2025-11-11 152845
PROD426,Cables Product 426,Electronics,Cables,1024.41,608,SUP050,2023-01-21,2025-11-11 152845
PROD427,Outdoor Product 427,Sports,Outdoor,347.04,634,SUP062,2023-03-13,2025-11-11 152845
PROD428,Peripherals Product 428,Electronics,Peripherals,1175.89,329,SUP011,2023-11-05,2025-11-10 152845
PROD429,Casual Product 429,Footwear,Casual,646.1,717,SUP073,2023-12-16,2025-11-13 152845
PROD430,Dresses Product 430,Clothing,Dresses,288.79,836,SUP084,2023-05-12,2025-11-13 152845
PROD431,Outerwear Product 431,Clothing,Outerwear,566.05,489,SUP074,2023-08-22,2025-11-10 152845
PROD432,Bottoms Product 432,Clothing,Bottoms,76.65,58,SUP088,2023-06-28,2025-11-09 152845
PROD433,Outerwear Product 433,Clothing,Outerwear,992.03,660,SUP080,2023-12-08,2025-11-09 152845
PROD434,Bottoms Product 434,Clothing,Bottoms,1496.0,309,SUP041,2023-02-06,2025-11-13 152845
PROD435,Casual Product 435,Footwear,Casual,297.48,478,SUP037,2023-10-20,2025-11-13 152845
PROD436,Bathroom Product 436,Home,Bathroom,614.7,844,SUP002,2023-02-11,2025-11-08 152845
PROD437,Smartphones Product 437,Electronics,Smartphones,1208.7,96,SUP067,2023-12-19,2025-11-11 152845
PROD438,Cables Product 438,Electronics,Cables,129.29,822,SUP036,2023-03-28,2025-11-12 152845
PROD439,Accessories Product 439,Electronics,Accessories,1353.3,695,SUP097,2023-01-12,2025-11-09 152845
PROD440,Athletic Product 440,Footwear,Athletic,1978.48,662,SUP012,2023-06-24,2025-11-09 152845
PROD441,Formal Product 441,Footwear,Formal,428.71,546,SUP031,2023-07-01,2025-11-13 152845
PROD442,Accessories Product 442,Electronics,Accessories,878.61,331,SUP075,2023-09-10,2025-11-12 152845
PROD443,Casual Product 443,Footwear,Casual,239.05,739,SUP004,2023-04-10,2025-11-12 152845
PROD444,Computers Product 444,Electronics,Computers,1264.83,249,SUP049,2023-10-09,2025-11-11 152845
PROD445,Outerwear Product 445,Clothing,Outerwear,1888.85,484,SUP023,2023-08-10,2025-11-12 152845
PROD446,Audio Product 446,Electronics,Audio,121.27,817,SUP030,2023-02-12,2025-11-11 152845
PROD447,Formal Product 447,Footwear,Formal,1337.0,386,SUP051,2023-05-09,2025-11-11 152845
PROD448,Formal Product 448,Clothing,Formal,683.64,333,SUP072,2023-10-22,2025-11-09 152845
PROD449,Casual Product 449,Clothing,Casual,1948.29,347,SUP073,2023-09-18,2025-11-12 152845
PROD450,Outdoor Product 450,Sports,Outdoor,671.31,405,SUP076,2023-11-03,2025-11-08 152845
PROD451,Bedding Product 451,Home,Bedding,457.97,113,SUP097,2023-10-02,2025-11-11 152845
PROD452,Formal Product 452,Footwear,Formal,855.31,494,SUP068,2023-06-16,2025-11-08 152845
PROD453,Dresses Product 453,Clothing,Dresses,135.66,972,SUP015,2023-12-15,2025-11-09 152845
PROD454,Power Product 454,Electronics,Power,1977.77,11,SUP067,2023-11-19,2025-11-10 152845
PROD455,Outdoor Product 455,Sports,Outdoor,542.39,293,SUP036,2023-04-20,2025-11-12 152845
PROD456,Equipment Product 456,Sports,Equipment,1172.97,107,SUP096,2023-02-05,2025-11-13 152845
PROD457,Audio Product 457,Electronics,Audio,1764.16,424,SUP091,2023-06-20,2025-11-13 152845
PROD458,Smartphones Product 458,Electronics,Smartphones,1883.99,704,SUP058,2023-04-09,2025-11-09 152845
PROD459,Outdoor Product 459,Sports,Outdoor,880.29,648,SUP063,2023-05-23,2025-11-10 152845
PROD460,Athletic Product 460,Footwear,Athletic,1794.49,839,SUP046,2023-05-27,2025-11-12 152845
PROD461,Outerwear Product 461,Clothing,Outerwear,884.6,239,SUP022,2023-03-24,2025-11-13 152845
PROD462,Outerwear Product 462,Clothing,Outerwear,1338.12,864,SUP057,2023-12-24,2025-11-10 152845
PROD463,Wearables Product 463,Sports,Wearables,909.51,507,SUP096,2023-12-10,2025-11-09 152845
PROD464,Bedding Product 464,Home,Bedding,1831.05,913,SUP003,2023-06-27,2025-11-11 152845
PROD465,Formal Product 465,Footwear,Formal,1754.66,219,SUP004,2023-05-20,2025-11-09 152845
PROD466,Dresses Product 466,Clothing,Dresses,1318.99,7,SUP045,2023-06-15,2025-11-09 152845
PROD467,Cleaning Product 467,Home,Cleaning,189.68,480,SUP089,2023-04-13,2025-11-12 152845
PROD468,Computers Product 468,Electronics,Computers,575.2,150,SUP027,2023-03-21,2025-11-11 152845
PROD469,Formal Product 469,Clothing,Formal,297.33,622,SUP013,2023-01-14,2025-11-08 152845
PROD470,Kitchen Product 470,Home,Kitchen,44.23,114,SUP094,2023-03-30,2025-11-08 152845
PROD471,Cleaning Product 471,Home,Cleaning,958.77,336,SUP034,2023-09-01,2025-11-12 152845
PROD472,Outerwear Product 472,Clothing,Outerwear,1179.88,38,SUP078,2023-12-24,2025-11-12 152845
PROD473,Bedding Product 473,Home,Bedding,77.23,947,SUP023,2023-05-13,2025-11-11 152845
PROD474,Casual Product 474,Footwear,Casual,1358.61,250,SUP064,2023-09-11,2025-11-12 152845
PROD475,Accessories Product 475,Electronics,Accessories,533.72,277,SUP092,2023-08-06,2025-11-12 152845
PROD476,Equipment Product 476,Sports,Equipment,1381.18,689,SUP076,2023-12-30,2025-11-10 152845
PROD477,Equipment Product 477,Sports,Equipment,999.57,383,SUP079,2023-11-06,2025-11-11 152845
PROD478,Tablets Product 478,Electronics,Tablets,895.74,241,SUP039,2023-11-07,2025-11-09 152845
PROD479,Computers Product 479,Electronics,Computers,1910.72,494,SUP089,2023-06-09,2025-11-08 152845
PROD480,Wearables Product 480,Sports,Wearables,208.04,607,SUP029,2023-05-14,2025-11-11 152845
PROD481,Athletic Product 481,Footwear,Athletic,515.5,143,SUP011,2023-02-03,2025-11-13 152845
PROD482,Cleaning Product 482,Home,Cleaning,122.99,959,SUP094,2023-06-07,2025-11-13 152845
PROD483,Dresses Product 483,Clothing,Dresses,1417.45,840,SUP012,2023-05-20,2025-11-09 152845
PROD484,Bathroom Product 484,Home,Bathroom,693.77,180,SUP058,2023-09-03,2025-11-08 152845
PROD485,Athletic Product 485,Footwear,Athletic,806.41,663,SUP012,2023-09-07,2025-11-10 152845
PROD486,Kitchen Product 486,Home,Kitchen,1875.43,229,SUP046,2023-05-20,2025-11-11 152845
PROD487,Winter Product 487,Footwear,Winter,1779.06,54,SUP057,2023-08-22,2025-11-12 152845
PROD488,Outdoor Product 488,Sports,Outdoor,1419.42,446,SUP064,2023-03-05,2025-11-12 152845
PROD489,Wearables Product 489,Sports,Wearables,1480.23,895,SUP066,2023-11-25,2025-11-08 152845
PROD490,Winter Product 490,Footwear,Winter,230.58,451,SUP035,2023-10-02,2025-11-10 152845
PROD491,Cleaning Product 491,Home,Cleaning,1348.75,570,SUP006,2023-08-01,2025-11-11 152845
PROD492,Athletic Product 492,Footwear,Athletic,1938.86,41,SUP079,2023-06-02,2025-11-13 152845
PROD493,Tops Product 493,Clothing,Tops,837.06,734,SUP026,2023-08-04,2025-11-13 152845
PROD494,Computers Product 494,Electronics,Computers,1294.97,888,SUP041,2023-02-13,2025-11-12 152845
PROD495,Tops Product 495,Clothing,Tops,684.13,418,SUP027,2023-05-23,2025-11-11 152845
PROD496,Accessories Product 496,Electronics,Accessories,824.91,157,SUP085,2023-03-09,2025-11-11 152845
PROD497,Equipment Product 497,Sports,Equipment,1766.1,416,SUP099,2023-06-15,2025-11-11 152845
PROD498,Accessories Product 498,Electronics,Accessories,1601.25,608,SUP085,2023-08-01,2025-11-11 152845
PROD499,Computers Product 499,Electronics,Computers,1188.46,616,SUP077,2023-03-01,2025-11-13 152845
PROD500,Smartphones Product 500,Electronics,Smartphones,1776.3,527,SUP082,2023-08-18,2025-11-13 152845
